INSERT INTO
  `user`(
    id,
    email,
    first_name,
    last_name,
    password,
    role,
    birthdate,
    job,
    photo,
    pseudo,
    subscribe_date
  )
VALUES
  (
    1,
    'j.jean@gmail.com',
    'Jean',
    'Paul',
    '$2a$10$fGpvN77P4H89ddPMxVL5burWrQqKlTiaxUcOpaLfyNkPn3JyMt.26',
    'USER',
    '1988-07-01',
    NULL,
    NULL,
    NULL,
    '2022-04-02'
  ),(
    2,
    'juju@gmail.com',
    'Jules',
    'Dupond',
    '$2a$10$cKMOTutNGUXXPEUT3VQYtuQTu/Z/fd2D2Ig.m5rZOi3gpTkc3UL0S',
    'USER',
    '1988-07-01',
    NULL,
    NULL,
    NULL,
    '2022-04-02'
  ),(
    3,
    'beberd@gmail.com',
    'Bernard',
    'Legrand',
    '$2a$10$L73pgnWKBqRiR8Utn38KL.ElRjMTH.tT.Qbs7o2Yj0uewzetkQ6v6',
    'USER',
    '1988-07-01',
    NULL,
    NULL,
    NULL,
    '2022-04-02'
  ),(
    4,
    'admin@gmail.com',
    'admin',
    'admin',
    '$2a$10$avJXsAy4aIs6UTGmft6vu.x7hoOthRf2/3BHkIQTGP/mIxjPiKrhS',
    'USER',
    '1988-07-01',
    NULL,
    NULL,
    NULL,
    '2022-04-02'
  );
INSERT INTO
  `project`(
    id,
    category,
    date_end,
    date_init,
    description,
    name,
    photo,
    status,
    user_id
  )
VALUES
  (
    1,
    'TOURDATE',
    '2022-09-10',
    '2022-06-10',
    NULL,
    'tourdate',
    NULL,
    'INPROGRESS',
    1
  ),(
    2,
    'CD',
    '2022-10-06',
    '2022-06-12',
    NULL,
    'CD',
    NULL,
    'INPROGRESS',
    1
  ),(
    3,
    'EP',
    '2022-07-05',
    '2022-05-10',
    NULL,
    'EP',
    NULL,
    'CONCEPTION',
    2
  );
INSERT INTO
  `consideration`(
    id,
    consid_amount,
    description,
    photo,
    title,
    project_id,
    status
  )
VALUES
  (
    2,
    20,
    NULL,
    'myFile',
    'une photo',
    1,
    'INPROGRESS'
  ),(
    3,
    50,
    NULL,
    NULL,
    'Une place de concert',
    1,
    'READY'
  ),(4, 40, NULL, NULL, 'un CD dedicacé', 2, 'READY'),
  (
    5,
    30,
    NULL,
    NULL,
    'Ma reconnaissance éternelle',
    3,
    'READY'
  );
INSERT INTO
  `user_order`(id, amount, date, project_id, user_id)
VALUES
  (1, 20, '2022-06-20', 1, 1),(2, 30, '2022-05-05', 2, 2),(3, 50, '2022-05-05', 3, 3);